<?xml version="1.0" encoding="UTF-8"?>
<rules
    xmlns="http://namespaces.plone.org/diazo"
    xmlns:css="http://namespaces.plone.org/diazo/css"
    xmlns:xsl="http://www.w3.org/1999/XSL/Transform">

    <!-- The default theme, used for standard Plone web pages -->
    <theme href="index.html" css:if-content="#visual-portal-wrapper" />

    <!-- Rules applying to a standard Plone web page -->
    <rules css:if-content="#visual-portal-wrapper">

        <!-- Add meta tags -->
        <drop theme="/html/head/meta" />
        <after content="/html/head/meta" theme-children="/html/head" />

        <!-- Copy style, script and link tags in the order they appear in the content -->
        <before
            content="/html/head/style | /html/head/script | /html/head/link"
            theme-children="/html/head"
            />

        <drop theme="/html/head/style" />
        <drop theme="/html/head/script" />

        <!-- Copy over the id/class attributes on the body tag.
             This is important for per-section styling -->
        <merge attributes="class" css:content="body" css:theme="body" />
        <copy attributes="id dir" css:content="body" css:theme="body" />

        <!-- Title -->
        <replace content="/html/head/title" theme="/html/head/title" />

        <!-- Logo  -->
        <drop css:theme="#header h1" />
        <drop css:theme="#header h2" />
        <prepend css:content="#portal-logo" css:theme="#header" />

        <!-- Search -->
        <drop css:content="#portal-searchbox .searchButton" />
        <replace css:content="#portal-searchbox" css:theme="#header form" />
        
        <!-- Personal tools -->
        <before css:content-children="#portal-personaltools-wrapper" css:theme-children="body" />

        <!-- Site actions -->
        <replace css:content="#portal-siteactions li" css:theme-children="#actions" />

        <!-- Global navigation -->
        <drop css:theme="#subnav" />
        <replace css:content='#portal-globalnav li' css:theme-children='#nav' />

        <!-- Document Content -->
        <replace css:content-children="#content" css:theme-children="#content" />
        <before css:content="#edit-bar" css:theme="#content" />

        <!-- Columns --> 
        <rules if-content="not(id('portal-column-one'))">
          <prepend css:theme="#content"><xsl:attribute name="class">noleftbar</xsl:attribute></prepend>
          <drop css:theme="#sidebar" />
        </rules>
        <rules if-content="not(id('portal-column-two'))">
          <prepend css:theme="#content"><xsl:attribute name="class">norightbar</xsl:attribute></prepend>
          <drop css:theme="#sidebarright" />
        </rules>
        <!-- adding an attribute overrites all content of the attribute -->
        <rules if-content="not(id('portal-column-two')) and not(id('portal-column-one'))">
          <prepend css:theme="#content"><xsl:attribute name="class">noleftbar norightbar</xsl:attribute></prepend>
        </rules>

        <replace css:content-children="#portal-column-one > *" css:theme-children="#sidebar" />
        <replace css:content-children="#portal-column-two > *" css:theme-children="#sidebarright" />

        <!-- Portlets -->
        <after css:theme="#content">
          <div class="manage-portlets">
            <xsl:copy-of select="id('viewlet-below-content')//a[@class='managePortletsFallback']" />
          </div>
        </after>

        <!-- Footer -->
        <merge content-children='//*[@id="portal-footer"]' theme='//*[@id="footer"]' />
        <append content-children='//*[@id="portal-colophon"]' theme='//*[@id="footer"]' />
        <append content='//*[@id="portal-siteactions"]' theme='//*[@id="footer"]' />
        <drop attributes="id" css:content="#portal-siteactions" />

        <!-- Misc. -->
        <drop css:content=".visualClear" />
    </rules>

</rules>
